Gericht,Speisetyp,ZubereitungsdauerSchnitzel,Fleischgericht,Mittelschnelles GerichtPfannkuchen,Suessspeise,Mittelschnelles GerichtPizza,Fleischgericht,Aufwaendiges GerichtLasagne,Fleischgericht,Aufwaendiges GerichtCinque P,Vegetarisches Gericht,Schnelles GerichtKaesspaetzle,Vegetarisches Gericht,Schnelles GerichtDampfnudeln,Suessspeise,Mittelschnelles GerichtLachsnudeln,Fischgericht,Mittelschnelles GerichtGeschnetzeltes,Fleischgericht,Mittelschnelles GerichtGulasch,Fleischgericht,Aufwaendiges GerichtKaiserschmarrn,Suessspeise,Mittelschnelles GerichtFleischkaes,Fleischgericht,Schnelles GerichtRostbratwurst,Fleischgericht,Schnelles GerichtPesto,Vegetarisches Gericht,Schnelles GerichtShrimps Indisch,Fischgericht,Mittelschnelles GerichtLinsen mit Spaetzle,Vegetarisches Gericht,Mittelschnelles Gericht
Falafel,Vegetarisches Gericht,Mittelschnelles Gericht
Gnocchi,Vegetarisches Gericht,Schnelles Gericht
Griessbrei,Suessspeise,Schnelles Gericht
Milchreis,Suessspeise,Mittelschnelles Gericht
Ofenschlupfer,Suessspeise,Aufwaendiges Gericht
Paneer,Vegetarisches Gericht,Aufwaendiges Gericht
Kaesnudeln,Vegetarisches Gericht,Schnelles Gericht
Linsen Dal,Vegetarisches Gericht,Schnelles Gericht
Lachs in Sahnesosse,Fischgericht,Mittelschnelles Gericht
Shrimps in Sahnesosse,Fischgericht,Mittelschnelles Gericht
Thai Shrimps,Fischgericht,Mittelschnelles Gericht
Dtom Kha Gai Shrimps,Fischgericht,Aufwaendiges Gericht
Lachs Kokos Curry,Fischgericht,Mittelschnelles Gericht
Lendchen,Fleischgericht,Mittelschnelles Gericht
Cevapcici,Fleischgericht,Schnelles Gericht
Steak,Fleischgericht,Aufwaendiges Gericht
Butter Chicken,Fleischgericht,Aufwaendiges Gericht
Chicken Tikka Massala,Fleischgericht,Aufwaendiges Gericht
Chicken Curry,Fleischgericht,Mittelschnelles Gericht
Bratwurst,Fleischgericht,Schnelles Gericht
Nuernberger,Fleischgericht,Schnelles Gericht
Fleischkuechle,Fleischgericht,Mittelschnelles Gericht
Bolognese,Fleischgericht,Mittelschnelles Gericht
Saiten mit Linsen und Spaetzle,Fleischgericht,Mittelschnelles Gericht
Leberkaes,Fleischgericht,Schnelles Gericht
Maultaschenpfanne,Fleischgericht,Schnelles Gericht
Haehnchenschlegel,Fleischgericht,Aufwaendiges Gericht
Gyros,Fleischgericht,Schnelles Gericht
Rind in Thai Basilikum,Fleischgericht,Mittelschnelles Gericht
Beef Madras,Fleischgericht,Aufwaendiges Gericht
Haehnchen in Thai Basilikum,Fleischgericht,Mittelschnelles Gericht
Dinnele,Fleischgericht,Aufwaendiges Gericht
Dtom Kha Gai Haehnchen,Fleischgericht,Aufwaendiges Gericht
